name,model_type,test_MeanSquaredError,test_MeanAbsolutePercentageError,test_MeanSquaredErrorHighChangeIntervals,Mean test time per sample (ms)
nhits_2025-02-06_16-48-51,nhits,0.6613174743149698,2.330154515394894,1.4186137968669768,0.7982475833152719
nhits_2025-02-06_16-47-39,nhits,0.6774367936162192,1.953697986612984,1.4188141532431924,0.8387055938772838
nhits_2025-02-06_16-46-23,nhits,0.6621091122689411,1.7757634741513448,1.3647009431197985,0.8364137374055203
nhits_2025-02-06_16-45-02,nhits,0.6608200042532849,2.0275262100508753,1.3911591214386096,0.8374347399129435
nhits_2025-02-06_16-43-46,nhits,0.6627831079442816,2.1252535261834766,1.417504621095518,0.8309503007308602
nhits_2025-02-06_16-42-32,nhits,0.6566903214193994,2.4406704278472793,1.4259424761313095,0.8334556727877358
nhits_2025-02-06_16-41-17,nhits,0.6659497236739235,1.910677900808997,1.388836247778242,0.8446362829478958
nhits_2025-02-06_16-39-59,nhits,0.6734597445716356,2.25478290400045,1.426005043416578,0.833171829009605
nhits_2025-02-06_16-38-45,nhits,0.6815989285056548,2.0910091476043355,1.4076492217212115,0.8491328219547296
nhits_2025-02-06_16-37-26,nhits,0.6968124769849212,1.8844427486445023,1.4392195220552595,0.8342088907575973
nhits_2025-02-06_16-36-13,nhits,0.677382463717849,1.9988383476697664,1.4148307490842305,0.8051933025193336
nhits_2025-02-06_16-34-57,nhits,0.7231335747505967,1.664003569967705,1.4642768309626837,0.8365217655839975
nhits_2025-02-06_16-33-43,nhits,0.6460967382454488,2.1198028174491643,1.3835462728176475,0.8030293304520799
nhits_2025-02-06_16-32-28,nhits,0.7278503961795464,3.0439534347904367,1.5764804889568256,0.8412992684146785
nhits_2025-02-06_16-31-06,nhits,0.665771189297786,2.143837823216611,1.434541462727271,0.8375436062817379
nhits_2025-02-06_16-29-50,nhits,0.6793088909244063,1.8219509915969183,1.411363351858057,0.8428940947269997
nhits_2025-02-06_16-28-36,nhits,0.7131286662264846,1.8126749704381049,1.4290556024985934,0.8358465614811996
nhits_2025-02-06_16-27-22,nhits,0.6608932358159797,2.0312881550781103,1.4070035576601998,0.8364568657391822
nhits_2025-02-06_16-26-09,nhits,0.6695738848206009,2.093135599817667,1.4190141294352192,0.8366415415273604
nhits_2025-02-06_16-24-57,nhits,0.6798369682397724,2.256766242636893,1.479310969299845,0.8352378464263418
nhits_2025-02-06_16-23-42,nhits,0.660606476730077,2.1803263901301593,1.4136152154483212,0.8384583999052682
nhits_2025-02-06_16-22-25,nhits,0.6791342576604136,2.302478422020384,1.4396089487185244,0.8378765276630821
nhits_2025-02-06_16-21-09,nhits,0.7194390185510616,1.6318843666873315,1.415415948238716,0.8407187347998247
nhits_2025-02-06_16-19-50,nhits,0.6709243632002022,1.911900084804398,1.4005808377446816,0.8292794801637796
nhits_2025-02-06_16-18-34,nhits,0.6862035810701586,2.7081085835613794,1.5220712946962671,0.8003674709545378
nhits_2025-02-06_16-17-20,nhits,0.6743625166400289,2.3018437998903605,1.4625210928911596,0.8374222830566757
nhits_2025-02-06_16-16-03,nhits,0.6738077884677582,2.0778874537723375,1.4627963692542745,0.8492282725146512
tft_2025-02-06_16-15-50,tft,0.325708640840127,1.8416707486911303,0.6538507015130347,2.2499816294502266
tft_2025-02-06_16-14-57,tft,0.2835549241001145,1.1843669617926578,0.575888112829614,2.2309718856021115
nhits_2025-02-06_16-14-52,nhits,0.6672417524243639,2.2853993840273064,1.4126330652929129,0.8405949370197171
tft_2025-02-06_16-13-57,tft,0.3445573895021078,1.1281981072287537,0.870250273786106,2.2003224869842266
nhits_2025-02-06_16-13-40,nhits,0.6567817024730092,2.071062342861268,1.4102252986761714,0.8345336750950045
tft_2025-02-06_16-13-04,tft,0.2880958626023623,1.4569140863859082,0.5671761882084629,2.228810044143663
nhits_2025-02-06_16-12-22,nhits,0.691283675654774,2.605881977837388,1.4932339777175665,0.8418940717492567
tft_2025-02-06_16-12-05,tft,0.3905939076251964,1.8212625359347872,0.7788183067471109,2.2045879867737708
tft_2025-02-06_16-11-08,tft,0.3872754955157812,2.404555921390735,0.7691100351663114,2.2122683739551654
nhits_2025-02-06_16-11-12,nhits,0.6823447790370686,1.7807620984701138,1.4250084207828102,0.8435477459769877
tft_2025-02-06_16-09-59,tft,0.2773371273714046,1.6717989567809337,0.6228654619796302,2.234325318566293
nhits_2025-02-06_16-09-53,nhits,0.6808343064796774,2.2549298839222174,1.484945111440287,0.8443925903676569
tft_2025-02-06_16-08-59,tft,0.2540703385579966,1.0979544245240855,0.5912212948997988,2.227506499327814
nhits_2025-02-06_16-08-35,nhits,0.6829563491523499,2.254629170002225,1.4191690333155964,0.8393273772219259
tft_2025-02-06_16-08-05,tft,0.4311064881431692,2.3407273282174588,0.9322596438164106,2.2299410136954863
nhits_2025-02-06_16-07-19,nhits,0.6586939100523262,2.022555098533727,1.3938941239352898,0.8451357424316351
tft_2025-02-06_16-07-10,tft,0.2671426942773215,0.9487839793325016,0.5859461839788334,2.2508121436209323
tft_2025-02-06_16-06-08,tft,0.2959670763551176,2.283052699411282,0.7488801086186458,2.237241455327595
nhits_2025-02-06_16-06-06,nhits,0.6687609905574958,2.1553649819872978,1.45557272465947,0.84298711622615
tft_2025-02-06_16-05-13,tft,0.2693223849899706,1.309290970541301,0.683293879293271,2.230672653326217
nhits_2025-02-06_16-04-52,nhits,0.723883715672391,2.6526258999671306,1.621187506146445,0.8049728784738752
tft_2025-02-06_16-04-21,tft,0.3664752201882312,0.8809249823627282,0.8089666176518243,2.193604360627549
nhits_2025-02-06_16-03-35,nhits,0.6844998405203465,1.840610823189109,1.4453626581330337,0.8419937239793103
tft_2025-02-06_16-03-28,tft,0.2596520445926552,1.1167591647857649,0.5749449622316515,2.2382643457282994
tft_2025-02-06_16-02-35,tft,0.3943982394881707,1.7454572105183004,0.741241987753318,2.1913043280487017
nhits_2025-02-06_16-02-19,nhits,0.7069908735717055,1.6821478621569894,1.4342730121116851,0.8365019038795968
tft_2025-02-06_16-01-41,tft,0.3117398759301319,1.6924095502212646,0.8796483433919892,2.2417221954354396
nhits_2025-02-06_16-01-01,nhits,0.6770821461674894,2.5286405281560143,1.460456090705175,0.8523569280362647
tft_2025-02-06_16-00-45,tft,0.2932487120369175,2.3430208086229696,0.7057697395353673,2.2454149685228417
tft_2025-02-06_15-59-51,tft,0.2908679701635031,1.009961815506136,0.6527440511654481,2.1951818302788237
nhits_2025-02-06_15-59-48,nhits,0.6751616846164117,2.2487247943765736,1.460065403310449,0.846117313074715
tft_2025-02-06_15-58-57,tft,0.2746070257180379,0.9248444177908248,0.6446546726597246,2.2308337592693697
nhits_2025-02-06_15-58-32,nhits,0.6763652536666783,1.9330828253720096,1.4330189807435765,0.8388396059555928
tft_2025-02-06_15-58-02,tft,0.2953345828632011,0.9652791113253392,0.6821763115675131,2.2808674451373423
nhits_2025-02-06_15-57-17,nhits,0.7375470360212701,1.573588759293235,1.480361950060381,0.8553092615664616
tft_2025-02-06_15-57-08,tft,0.2791171055177442,1.9082180193442944,0.5895417712140931,2.311911483002288
tft_2025-02-06_15-56-15,tft,0.2989185273666634,1.0361344222195974,0.658217592488844,2.2779805566686804
nhits_2025-02-06_15-55-51,nhits,0.6837055775371403,2.2776061545860102,1.4945792347876194,0.8375122083250977
transformer_2025-02-06_15-55-39,transformer,0.6033345813951232,1.3569095478003286,1.3703338651530883,0.8878957989918606
tft_2025-02-06_15-55-20,tft,0.2654814613953127,1.258024258230735,0.6372209582138463,2.3238131085701306
transformer_2025-02-06_15-54-54,transformer,0.6065640599421944,1.2803173951636082,1.381667377232984,0.8218505512684813
nhits_2025-02-06_15-54-30,nhits,0.6712943732318175,2.133479906075866,1.407252643624478,0.8484080510066293
tft_2025-02-06_15-54-16,tft,0.627425026935715,1.5885660668640815,1.3385890175391562,2.300621321915513
transformer_2025-02-06_15-54-11,transformer,0.6039361303626762,1.3677124025017775,1.374513774352342,0.8380963109776643
transformer_2025-02-06_15-53-20,transformer,0.5840641121142799,1.235590577354012,1.3329347894300323,0.8515133975011766
tft_2025-02-06_15-53-14,tft,0.2970803666707743,1.1803638574120132,0.6927305569230275,2.275660150277111
nhits_2025-02-06_15-53-14,nhits,0.672056564915904,2.0559500084479496,1.4563372421400704,0.9009414359622294
transformer_2025-02-06_15-52-38,transformer,0.603564693238003,1.3521038045786262,1.3728161181953706,0.8573967489459173
tft_2025-02-06_15-52-16,tft,0.2602365232534097,1.1578382331201045,0.6065515928891482,2.294354394192586
nhits_2025-02-06_15-51-56,nhits,0.6456346113399856,2.1214195934037217,1.3745335001281092,0.8476013967962673
transformer_2025-02-06_15-51-55,transformer,0.5908142067852084,1.3198988769114148,1.34621348023748,0.8557474683693913
tft_2025-02-06_15-51-18,tft,0.2560796773236367,1.259692075746906,0.6148785085069526,2.2762883964287655
transformer_2025-02-06_15-51-07,transformer,0.6179618792582077,1.420916592005914,1.407804752777441,0.8599054142165824
nhits_2025-02-06_15-50-38,nhits,0.651851150798313,2.3637525151910275,1.3840556341811296,0.8829439763942033
transformer_2025-02-06_15-50-24,transformer,0.6120743592801449,1.3781855448209144,1.3851025580339014,0.8756390358309458
tft_2025-02-06_15-50-23,tft,0.288965390397694,1.288425960020335,0.6655142831729149,2.2521332506557257
transformer_2025-02-06_15-49-39,transformer,0.6026063907229833,1.3792349260658086,1.3713453993809763,0.8777536513745937
tft_2025-02-06_15-49-29,tft,0.3044432863733918,1.3711914710297382,0.8404899431728563,2.3069850131011833
nhits_2025-02-06_15-49-27,nhits,0.6947310167137078,1.701369335365078,1.4441152997463935,0.8251118407015453
transformer_2025-02-06_15-48-50,transformer,0.5927693665299448,1.3509593521126946,1.356260295028055,0.8757647279354618
tft_2025-02-06_15-48-32,tft,0.3048795560550165,1.889858575634466,0.6297666180905299,2.313010005370888
nhits_2025-02-06_15-48-13,nhits,0.6915763692157972,2.677142304025158,1.4874979503936543,0.8419373032191525
transformer_2025-02-06_15-48-08,transformer,0.6186080537959323,1.3479993112502882,1.410688042170471,0.8556669008682299
tft_2025-02-06_15-47-37,tft,0.2748489218816541,0.9536154331735548,0.6022231705172512,2.2905403398015465
transformer_2025-02-06_15-47-26,transformer,0.6201236150398703,1.3373720364839128,1.4135958435515406,0.8510585690912841
nhits_2025-02-06_15-46-59,nhits,0.6871298165901955,2.5242717744274463,1.477474852596388,0.851170582187069
transformer_2025-02-06_15-46-41,transformer,0.6030227124123767,1.4286300718366958,1.3670219673718549,0.881149538833162
tft_2025-02-06_15-46-36,tft,0.3728141349731298,1.2060424235402578,0.8077551774180748,2.420466893431171
deepar_2025-02-06_15-46-23,deepar,0.8595169857971381,4.051973359529834,1.6068504575493343,0.812847225371834
transformer_2025-02-06_15-45-56,transformer,0.618038326697656,1.3110179883069497,1.4092147503365304,0.9388992203223278
nhits_2025-02-06_15-45-46,nhits,0.6952912544319882,2.1043045266732547,1.4860984987184145,0.8896807927990813
deepar_2025-02-06_15-45-44,deepar,0.9943386070191408,3.951594719609147,1.682259593848541,0.9315979152517704
tft_2025-02-06_15-45-40,tft,0.3080904868082855,1.614482072137863,0.6527842315981912,2.389815934431142
transformer_2025-02-06_15-45-12,transformer,0.6072413432053395,1.3243629937832675,1.3836563619907738,0.8524509101553494
deepar_2025-02-06_15-45-05,deepar,1.8340046291826368,4.9323467012464945,2.8737422298652056,0.8430660740398538
lstm_2025-02-06_15-45-00,lstm,0.8007813652561031,3.3590986377303347,1.246379457971189,0.8212813724051503
tft_2025-02-06_15-44-43,tft,0.7355531699598516,2.9437352243197688,0.7246310518832475,2.3496978466048875
nhits_2025-02-06_15-44-31,nhits,0.6866212347770007,2.119400347855394,1.4697024439495705,0.8471701627649615
deepar_2025-02-06_15-44-27,deepar,1.3920951295284036,5.863445416045786,2.3544230564934265,0.7979142722552237
transformer_2025-02-06_15-44-25,transformer,0.6150146604875686,1.3040733606102892,1.4017071399376893,0.8247515167612249
lstm_2025-02-06_15-44-22,lstm,0.7400016002323002,3.7214697941291415,1.6053794095090048,0.8202653756970183
deepar_2025-02-06_15-43-48,deepar,1.7083019951594227,6.716700511894133,2.704203339764239,0.9325930634346764
tft_2025-02-06_15-43-46,tft,0.2842216064411858,1.27829458002211,0.5618129538486444,2.4216653988756183
lstm_2025-02-06_15-43-44,lstm,0.4372379633437534,2.304550427101575,0.9332762048021424,0.8133912020746399
transformer_2025-02-06_15-43-39,transformer,0.6133248650090571,1.3831271287437596,1.3968992379285694,0.8568474496512309
nhits_2025-02-06_15-43-09,nhits,0.6806429844328565,1.9966362638409267,1.4380010032011483,0.8943798847001074
deepar_2025-02-06_15-43-10,deepar,1.0668918747331122,4.81137889161917,1.9044624309862064,0.8992682092006097
lstm_2025-02-06_15-43-06,lstm,0.796176615753849,3.2210831047325557,1.585691982256781,0.819356177154633
transformer_2025-02-06_15-42-55,transformer,0.6163025847492419,1.3330481243609378,1.4041854054990566,0.9086012730703634
tft_2025-02-06_15-42-51,tft,0.2648544403722045,0.8766301917083217,0.5826350728735215,2.462307427821638
deepar_2025-02-06_15-42-31,deepar,1.236715455521487,4.3953786929146785,2.204415590604659,0.8243829133393972
lstm_2025-02-06_15-42-27,lstm,0.8896334529856956,3.1081570760981574,1.3983486618737866,0.8208266457023523
transformer_2025-02-06_15-42-05,transformer,0.6011955165600581,1.322875816813233,1.3697335768231145,0.8977845420732218
tft_2025-02-06_15-41-55,tft,0.3611671335515841,1.3234049748059789,0.8201800556828273,2.456974742881706
deepar_2025-02-06_15-41-52,deepar,0.9295085974573228,3.4884554908606185,1.5089264937900235,0.9019000303295568
nhits_2025-02-06_15-41-52,nhits,0.6567616911795734,2.490605260246404,1.4019370858452154,0.8525649435780085
lstm_2025-02-06_15-41-49,lstm,0.7110547789037588,3.28627044754681,1.1188653592921765,0.8209592872358802
transformer_2025-02-06_15-41-21,transformer,0.5959327191786905,1.3186822952785082,1.353387376010338,0.8831671058007365
deepar_2025-02-06_15-41-13,deepar,1.174794679880095,4.690541737699161,2.0999042002832407,0.9505134059206756
lstm_2025-02-06_15-41-11,lstm,1.4382663047748805,5.042066635243812,2.056973268269179,0.8210286028835627
tcn_2025-02-06_15-41-08,tcn,1.0459238878760149,1.170234139376497,1.9698052231073084,0.838338487479083
tft_2025-02-06_15-40-59,tft,0.3003222045893903,1.592362636184273,0.6565236092932213,2.448986644339759
nhits_2025-02-06_15-40-37,nhits,0.7121435380638873,2.321709583120773,1.559132169015533,0.8429193323778222
transformer_2025-02-06_15-40-35,transformer,0.6139419543006804,1.32802906433235,1.4006867254882118,0.8966248773057443
deepar_2025-02-06_15-40-35,deepar,2.45857047465434,9.78746911314856,2.754034767279996,0.8295229214536564
lstm_2025-02-06_15-40-33,lstm,0.8014359004853054,4.2038134350908125,1.3170881886668802,0.7796061418169296
tcn_2025-02-06_15-40-33,tcn,0.9867242598286888,1.3997587134450438,1.89812691896047,0.8315162533117681
tft_2025-02-06_15-40-04,tft,0.2711311381272661,1.3792044997883732,0.6931557489618028,2.331493781817615
tcn_2025-02-06_15-39-57,tcn,0.993803220905478,1.4211827785587383,1.8933751452264227,0.8331106451656812
deepar_2025-02-06_15-39-57,deepar,1.3797731425167934,5.724673234575841,2.0932337492485806,0.8824890927242501
lstm_2025-02-06_15-39-55,lstm,0.9259559965719518,3.894722907620888,1.2939230527605752,0.8117922136317128
transformer_2025-02-06_15-39-52,transformer,0.6066705008112032,1.3725310670684905,1.3834855630262883,0.8640119922645104
nhits_2025-02-06_15-39-23,nhits,0.6875956415800435,2.2464765844403836,1.4719946725229551,0.8618166582072939
tcn_2025-02-06_15-39-21,tcn,,,,0.8894607524775788
deepar_2025-02-06_15-39-17,deepar,1.4210564969984223,4.819827744768539,2.2513589894092374,0.9436707293419432
lstm_2025-02-06_15-39-17,lstm,0.6450987681582109,3.292447686672871,1.0960418564265273,0.7916942093511828
tft_2025-02-06_15-39-08,tft,0.3238246221144257,1.0311858621592744,0.6621689637173634,2.4301097809296586
transformer_2025-02-06_15-39-07,transformer,0.6109722813138325,1.3662165439060872,1.3910962712754502,0.8883194116603993
tcn_2025-02-06_15-38-46,tcn,0.9804789100618148,1.4667675252758077,1.944820141708799,0.8333440379375388
lstm_2025-02-06_15-38-39,lstm,0.8323027161016353,3.8264287213060504,1.207327258946625,0.8036205090125046
deepar_2025-02-06_15-38-38,deepar,1.8737699133306764,7.084173355310591,2.7132338985507607,0.8335854422272471
transformer_2025-02-06_15-38-24,transformer,0.6050496293570224,1.357035114370972,1.3799521481622838,0.8848433687692256
tcn_2025-02-06_15-38-10,tcn,0.9740066672155144,1.5100792619249597,1.8758655373979152,0.8207556960718406
nhits_2025-02-06_15-38-08,nhits,0.6797747012466147,2.2943749887298384,1.466702416928258,0.8643541999561402
tft_2025-02-06_15-38-08,tft,0.2771570480337487,1.4121607367770446,0.6329835537783297,2.3363308080703096
lstm_2025-02-06_15-38-01,lstm,0.4975240209125559,2.14819355052064,1.0566918488604065,0.8101766831372552
deepar_2025-02-06_15-37-59,deepar,1.4594717623850193,5.495729380255203,2.3443752739581294,0.8719107536289393
transformer_2025-02-06_15-37-41,transformer,0.5960465602793537,1.365658365480504,1.359779179352441,0.8499571741522882
tcn_2025-02-06_15-37-35,tcn,,,,0.7989414803245488
lstm_2025-02-06_15-37-23,lstm,0.4021432599633964,1.823389181410454,0.9467905855834164,0.8140321313629828
deepar_2025-02-06_15-37-20,deepar,1.656253357041789,7.164559292465457,2.539134503506084,0.9718675113966704
tft_2025-02-06_15-37-09,tft,0.4181593253896296,1.649960209563971,0.9768041739749148,2.412936598052988
tcn_2025-02-06_15-36-59,tcn,,,,0.8308370580987248
transformer_2025-02-06_15-36-57,transformer,0.6234949323301441,1.3540403656856754,1.4236232723191382,0.8513734118579447
nhits_2025-02-06_15-36-51,nhits,0.7185051929404549,1.6038920419335445,1.4627021405283165,0.8501989626423324
lstm_2025-02-06_15-36-45,lstm,1.5170968176369222,5.5284338445521755,1.963167206393716,0.8147926181745346
deepar_2025-02-06_15-36-42,deepar,1.5073527210523068,6.121958818557487,1.9988007709775697,0.8230147011520917
tcn_2025-02-06_15-36-22,tcn,,,,0.8305596902280512
transformer_2025-02-06_15-36-14,transformer,0.5960926757927469,1.3539680317788956,1.359339948050866,0.8813775554204079
tft_2025-02-06_15-36-13,tft,0.3481378571340411,1.427163181210224,0.8329382724843438,2.378521394460936
lstm_2025-02-06_15-36-07,lstm,0.5039935685648388,1.6582638961497298,0.8973370194027452,0.8161497130856642
deepar_2025-02-06_15-36-03,deepar,1.5530183512637112,4.982491444718537,2.5877583994856272,0.8391121976420549
tcn_2025-02-06_15-35-47,tcn,0.956644417996516,1.7296287705383466,1.862907619890456,0.8233451536949487
nhits_2025-02-06_15-35-36,nhits,0.7277706591100069,1.5273586902563994,1.4645020858981626,0.8569833015084571
transformer_2025-02-06_15-35-29,transformer,0.6104075753788492,1.3110278193096363,1.3928009579183742,0.8769837910752467
lstm_2025-02-06_15-35-29,lstm,0.6068698384820743,2.5676376303204176,1.1641336227914827,0.8247855545767129
deepar_2025-02-06_15-35-24,deepar,1.5336120906295363,6.165830128306598,2.142185390925402,0.93436800276913
tft_2025-02-06_15-35-17,tft,0.3598124729944437,1.1496824835672343,0.7970886384288094,2.42912720536332
tcn_2025-02-06_15-35-11,tcn,,,,0.8371429925169939
lstm_2025-02-06_15-34-50,lstm,0.8959450999116341,2.954066338829875,1.3714235974152922,0.8137176777986462
transformer_2025-02-06_15-34-46,transformer,0.6125922258698635,1.349365363012529,1.3985711910031502,0.8946387340193209
deepar_2025-02-06_15-34-44,deepar,1.5592674066009418,5.984568120389678,2.2097649983358605,0.8710907703108343
tcn_2025-02-06_15-34-35,tcn,,,,0.8370944810912126
tft_2025-02-06_15-34-23,tft,0.3091539745799551,0.6791948658616707,0.719859028002208,2.3901652049301836
nhits_2025-02-06_15-34-22,nhits,0.6734721303459026,2.564710317236835,1.4592669980290631,0.8139578830403136
lstm_2025-02-06_15-34-12,lstm,1.4490422163320391,5.476096497525106,1.7630051941654616,0.8167175056836795
deepar_2025-02-06_15-34-06,deepar,0.8861783126546721,3.631966261989176,1.5474356875022044,0.8253373579619944
transformer_2025-02-06_15-34-04,transformer,0.5837594593926536,1.3050891775511622,1.3268324740615691,0.8488906730833413
tcn_2025-02-06_15-33-59,tcn,,,,0.8373507562919956
lstm_2025-02-06_15-33-34,lstm,0.6287041157264144,2.6947154587728064,0.888427585049813,0.8143725245238266
deepar_2025-02-06_15-33-27,deepar,1.3954107587293476,4.636490716771258,2.053059228424042,0.937097566321378
tft_2025-02-06_15-33-27,tft,0.4185554946849392,1.671295304991535,0.8548095652230105,2.3844334825663767
tcn_2025-02-06_15-33-24,tcn,,,,0.8343808924603034
transformer_2025-02-06_15-33-20,transformer,0.6040725087901689,1.3203631601519654,1.372656225935666,0.8875407592948441
nhits_2025-02-06_15-33-07,nhits,0.7075527615854682,1.702960354853449,1.4242358666238073,0.8566079282528146
lstm_2025-02-06_15-32-56,lstm,0.6473695502656887,2.8411044383264623,1.3095266353362016,0.7894994922058509
deepar_2025-02-06_15-32-49,deepar,1.125273236789315,4.482471614638603,1.639560805747358,0.9053101162890644
tcn_2025-02-06_15-32-48,tcn,,,,0.832099259576148
transformer_2025-02-06_15-32-37,transformer,0.624520486632582,1.2866927419827636,1.4217111402772842,0.8885094407669571
tft_2025-02-06_15-32-31,tft,0.2828698313425565,1.2383486330658444,0.577427929373886,2.4432044997906592
lstm_2025-02-06_15-32-17,lstm,1.5899404770550554,5.500591647928062,2.091258775717073,0.8538789315925688
tcn_2025-02-06_15-32-12,tcn,1.0108317741399653,1.0270966998375195,1.957134947996554,0.8375931793199781
deepar_2025-02-06_15-32-11,deepar,1.3028611763390452,5.784262091716762,1.8090975085245449,0.8323029834119713
transformer_2025-02-06_15-31-52,transformer,0.6066947595555989,1.3038239330163983,1.382303595759488,0.8776527972382201
nhits_2025-02-06_15-31-47,nhits,0.6753536041385646,2.114846688909165,1.427823932379711,0.8626679820782693
lstm_2025-02-06_15-31-39,lstm,0.5100087754505971,2.284671187205519,1.02675481779967,0.7927319268360162
tcn_2025-02-06_15-31-37,tcn,0.9531753946099838,1.5666164902914197,1.8555378121207224,0.8377616360421528
tft_2025-02-06_15-31-32,tft,0.4334367423168346,1.7085707845775435,0.7669175913040862,2.531074178750482
deepar_2025-02-06_15-31-30,deepar,1.2819885502892254,3.1524389694013775,2.2254005693688885,0.91226358095284
transformer_2025-02-06_15-31-09,transformer,0.6071531812904437,1.3191064395965322,1.387000966929936,0.847996338782713
lstm_2025-02-06_15-31-01,lstm,0.8320295365397455,3.680088337136578,1.288433115021051,0.8156748969689049
tcn_2025-02-06_15-31-00,tcn,0.9753142976940388,1.923829341048316,1.8517376573193312,0.8069991677180123
deepar_2025-02-06_15-30-50,deepar,1.6743413051646303,7.044028638530873,1.8538397483657456,0.92164545684405
tft_2025-02-06_15-30-37,tft,0.3086868593236928,2.0362777699778305,0.7031139004315307,2.3491370260639264
nhits_2025-02-06_15-30-33,nhits,0.6899977614652796,1.6315688201492071,1.4274402558649013,0.8531765602624325
transformer_2025-02-06_15-30-25,transformer,0.605901768361009,1.3646637860968232,1.3817466265867793,0.8629473309744807
tcn_2025-02-06_15-30-24,tcn,0.9684266704570316,1.8013036204124662,1.860492261130135,0.8048966731828497
lstm_2025-02-06_15-30-23,lstm,0.7608991658171529,3.31627402755725,1.2730422577569631,0.8069154327673376
deepar_2025-02-06_15-30-10,deepar,1.3116685773708252,4.959139709058782,2.0632237160834066,0.8401711380866634
tcn_2025-02-06_15-29-49,tcn,,,,0.8334812670088637
lstm_2025-02-06_15-29-45,lstm,0.8175223429896337,3.3009116822792395,1.3805971710701308,0.8260581361325195
transformer_2025-02-06_15-29-42,transformer,0.6071065796384536,1.3763149104881225,1.3795454860409075,0.8995173246506839
tft_2025-02-06_15-29-40,tft,0.3986293676400995,1.2950128909274596,0.74878432328892,2.4359942521051985
deepar_2025-02-06_15-29-31,deepar,1.978401457149007,7.387191198983043,2.639325657342406,0.8459277979819976
nhits_2025-02-06_15-29-17,nhits,0.6798458221137422,2.1692174956589336,1.439745692584001,0.8474957090719124
tcn_2025-02-06_15-29-13,tcn,,,,0.8236277991396083
lstm_2025-02-06_15-29-07,lstm,0.6225880934411062,3.3204679936886476,1.147750453766562,0.8141936486601219
transformer_2025-02-06_15-29-00,transformer,0.5964281724976175,1.3601992850177949,1.356753790248448,0.8837253329298838
deepar_2025-02-06_15-28-51,deepar,1.0827602824480684,3.190519302223986,1.9097370113989864,0.9364994919246724
tft_2025-02-06_15-28-39,tft,0.2588625466603666,1.78724023581843,0.5768011863954208,2.410186382482195
tcn_2025-02-06_15-28-37,tcn,,,,0.831350170628494
lstm_2025-02-06_15-28-28,lstm,0.9517863444999554,3.35320495362961,2.1504290573584335,0.8117685184987915
transformer_2025-02-06_15-28-16,transformer,0.6042518710494375,1.30102418846993,1.381747514680553,0.8604015595258198
deepar_2025-02-06_15-28-13,deepar,1.4431781765221172,5.8481374839037725,1.9500324295426048,0.8199322156493773
nhits_2025-02-06_15-28-04,nhits,0.775761792548303,1.4703710096053826,1.5187640219499532,0.8527596471616832
tcn_2025-02-06_15-28-02,tcn,,,,0.8361149612633164
lstm_2025-02-06_15-27-50,lstm,1.0506863767693075,4.132777071753527,1.4281578943143554,0.8187609324541391
tft_2025-02-06_15-27-43,tft,0.3003133087010319,1.866855519257374,0.6670355063470029,2.357373466415097
deepar_2025-02-06_15-27-34,deepar,1.2193999559721365,4.594043544762795,1.9981434659504047,0.8439365305158946
transformer_2025-02-06_15-27-32,transformer,0.6210713215956931,1.2346009060068006,1.4158522069273651,0.8393303450682889
tcn_2025-02-06_15-27-26,tcn,,,,0.835313752074452
lstm_2025-02-06_15-27-11,lstm,0.5854936706832766,2.587666482250709,0.9939429412191684,0.8203927846744543
deepar_2025-02-06_15-26-54,deepar,1.4285312851479035,5.652150180940125,2.0122641129066685,0.9156704970809352
nhits_2025-02-06_15-26-51,nhits,0.6883370451255572,2.5166600839989233,1.48021534560841,0.8666138552948642
tcn_2025-02-06_15-26-50,tcn,,,,0.8314635602238081
transformer_2025-02-06_15-26-48,transformer,0.6199947133958452,1.3024007345837854,1.4108671779101725,0.8601841440572001
tft_2025-02-06_15-26-47,tft,0.2613309678901194,1.0077526927828615,0.5810935333578628,2.475380658617486
lstm_2025-02-06_15-26-33,lstm,0.575164246228836,2.844030016137552,1.26714538564597,0.8206401691984032
deepar_2025-02-06_15-26-16,deepar,1.1472951895200123,4.379050645543542,1.929921349813072,0.836186117166296
tcn_2025-02-06_15-26-14,tcn,0.9858576568680002,1.2411922714507655,1.941690830728079,0.8335097504736823
transformer_2025-02-06_15-26-04,transformer,0.5987019812665147,1.34781026241835,1.3672713989189034,0.9008794527529452
lstm_2025-02-06_15-25-55,lstm,0.4904679633970976,2.448297081782939,1.0885011356245171,0.8188002511782719
tft_2025-02-06_15-25-51,tft,0.2792349015325219,0.9874907820805748,0.6948018123868026,2.3206969911275466
tcn_2025-02-06_15-25-38,tcn,,,,0.8865892822804201
deepar_2025-02-06_15-25-37,deepar,1.0491117820561495,4.646830747727464,1.8297215623987024,0.8475004916872515
nhits_2025-02-06_15-25-34,nhits,0.6648752421240206,2.39607125794312,1.4680267891987109,0.8519678872050074
transformer_2025-02-06_15-25-20,transformer,0.6032099821276466,1.368216167090772,1.3767027644124,0.8503739698254087
lstm_2025-02-06_15-25-17,lstm,1.7446915908538403,6.507322308164984,2.204177205008639,0.8171867350559405
tcn_2025-02-06_15-25-01,tcn,0.98617131172977,1.3853704845106014,1.914632335620822,0.8462661548572428
deepar_2025-02-06_15-24-58,deepar,1.2876445478410743,5.433566665401534,1.7591546790438122,0.9252778128208712
tft_2025-02-06_15-24-54,tft,0.2452154662622859,1.316319151618044,0.5636275912396294,2.3730232932931172
lstm_2025-02-06_15-24-39,lstm,1.3161800685766805,4.811040368424872,1.7702128285889744,0.784348781504061
transformer_2025-02-06_15-24-37,transformer,0.6122932329705053,1.3506188508057564,1.3911194169329548,0.8532013634548468
tcn_2025-02-06_15-24-26,tcn,0.9600214367304472,1.605991763175008,1.8577913838374396,0.8273790221270697
deepar_2025-02-06_15-24-18,deepar,1.788890896791754,8.222347111561012,2.843280517818378,0.9073951010070646
nhits_2025-02-06_15-24-17,nhits,0.689638025904716,1.6442122403910615,1.393987016908867,0.8876098372289897
lstm_2025-02-06_15-24-00,lstm,0.724436971043374,3.587633629907892,0.9852011175624964,0.7879614213105206
tft_2025-02-06_15-23-58,tft,0.3078489023819235,1.053713819842911,0.6340741614300369,2.4297374264930216
transformer_2025-02-06_15-23-51,transformer,0.6105685770548579,1.4809158410099426,1.3916664965574543,0.8682294503387893
tcn_2025-02-06_15-23-50,tcn,0.9787521934025508,1.526582548271049,1.8706448420621289,0.8046853379882357
deepar_2025-02-06_15-23-40,deepar,1.4804192894838817,6.5505900737419305,2.143116706579507,0.8300156747002889
lstm_2025-02-06_15-23-22,lstm,0.4418124451259514,2.189920532020779,0.9519377456191994,0.8225397056783251
tcn_2025-02-06_15-23-14,tcn,0.982098373345184,1.454743858229734,1.9095359526419216,0.8091162752045694
transformer_2025-02-06_15-23-04,transformer,0.6210959410339851,1.3946054206410683,1.413833320001226,0.8924290078127628
nhits_2025-02-06_15-23-02,nhits,0.6513153014179033,2.5947387654072753,1.4854491053012768,0.8987816238818723
deepar_2025-02-06_15-23-01,deepar,2.0900893162977647,6.653258737542245,2.9829290555181704,0.9425252282996768
tft_2025-02-06_15-23-00,tft,0.3460263638666531,1.2389932565610056,0.6517287821203164,2.475963851622761
lstm_2025-02-06_15-22-43,lstm,0.5927150705346774,2.7862642380520426,1.1017978746594712,0.8215256416431779
tcn_2025-02-06_15-22-39,tcn,0.9734501649144446,1.262598533908245,1.8902929897988905,0.8310397774876688
deepar_2025-02-06_15-22-22,deepar,1.5800724274943918,4.971751622496413,2.15083855555278,0.8732710548145386
transformer_2025-02-06_15-22-19,transformer,0.6180479510542186,1.3938287486230911,1.408753975826384,0.8734885500767804
lstm_2025-02-06_15-22-06,lstm,0.7153841743442252,2.9478484879107265,1.3413143462011086,0.8248804615872443
tcn_2025-02-06_15-22-02,tcn,1.0283234763900406,1.1714242483630055,1.9496355894921595,0.8428709045567019
tft_2025-02-06_15-21-59,tft,0.3323616472656223,0.7743978938536352,0.6577384615818994,2.4241687255956785
deepar_2025-02-06_15-21-44,deepar,1.1689697223669762,4.556960161161296,2.095539729455629,0.8255471361091222
nhits_2025-02-06_15-21-44,nhits,0.7069930778914106,2.0472450238888573,1.5086937267224692,0.847432998907002
transformer_2025-02-06_15-21-35,transformer,0.6165203542714234,1.4079109026547103,1.405802895686964,0.8577686877411498
lstm_2025-02-06_15-21-27,lstm,0.7294064261154967,3.029569412537348,1.202401856071403,0.8212195654564044
tcn_2025-02-06_15-21-27,tcn,0.9919726706792964,1.2879754827487682,1.92717194834134,0.829144500081649
deepar_2025-02-06_15-21-05,deepar,0.9115458310781464,3.3869812492308515,1.5299076742231952,0.9334772263112886
tft_2025-02-06_15-21-04,tft,0.2445268257384696,1.0293676814938155,0.5471135309596273,2.348113276512193
transformer_2025-02-06_15-20-52,transformer,0.6179747621697942,1.3815938755964814,1.404591040057935,0.9056054334372968
tcn_2025-02-06_15-20-51,tcn,0.985241394967894,1.2093976410009706,1.9003269688076576,0.8355675250901591
lstm_2025-02-06_15-20-49,lstm,0.8217915190415255,3.989965924638957,1.6380522363538377,0.8254821974393504
nhits_2025-02-06_15-20-28,nhits,0.673826414759925,2.2399782617414816,1.4095660903430318,0.861858893328768
deepar_2025-02-06_15-20-25,deepar,0.796065006725334,3.591209110981355,1.5284259329426253,0.8922511130533255
tcn_2025-02-06_15-20-16,tcn,0.9678294703129778,1.4586705585396809,1.8619065419819163,0.827852092549929
lstm_2025-02-06_15-20-11,lstm,0.5895655768917302,2.225724454964102,1.3762975165007236,0.8203777617982129
transformer_2025-02-06_15-20-07,transformer,0.5945301044261868,1.3686528393198507,1.3516107260381525,0.8967392175170162
tft_2025-02-06_15-20-07,tft,0.3246675065178198,2.138772309424907,0.662036444436382,2.4663668471243225
deepar_2025-02-06_15-19-45,deepar,1.704130725477491,6.751900624492154,2.597849233631481,0.8208034657742209
tcn_2025-02-06_15-19-40,tcn,,,,0.8303444854000492
lstm_2025-02-06_15-19-32,lstm,0.4836358141584869,1.362883361076678,0.970437946088407,0.8314796194643773
transformer_2025-02-06_15-19-24,transformer,0.5998911933240078,1.3313814501505397,1.3657350439849998,0.8882448186769205
tft_2025-02-06_15-19-08,tft,0.295891027787108,2.068550438345097,0.6294710685506398,2.4660141643165323
deepar_2025-02-06_15-19-06,deepar,0.9240107588707982,2.8713939906964323,1.7564130815400618,0.8724042576501895
tcn_2025-02-06_15-19-04,tcn,,,,0.831233334901464
nhits_2025-02-06_15-19-02,nhits,0.6746071692002161,2.0986094360190597,1.4279233628407866,0.8491013258638437
lstm_2025-02-06_15-18-54,lstm,1.6413992543755171,5.421026717120721,2.185301315960266,0.8021388605446614
transformer_2025-02-06_15-18-40,transformer,0.5886838933317272,1.336639289833621,1.3401508092578076,0.8217473878808644
tcn_2025-02-06_15-18-28,tcn,1.025023836191321,1.1501535889034828,1.9756771876518855,0.8405136782914171
deepar_2025-02-06_15-18-27,deepar,1.001796068454189,5.198560339317636,1.5562812948367215,0.9153838393271274
lstm_2025-02-06_15-18-15,lstm,0.7150363678422749,3.663843096508435,1.176333247195394,0.824051912245162
tft_2025-02-06_15-18-12,tft,0.3002949825425291,1.3061732522398413,0.6180056996042147,2.377247156294258
transformer_2025-02-06_15-17-55,transformer,0.6059283260371559,1.3730769799591966,1.3807677375427665,0.8354770291186965
tcn_2025-02-06_15-17-52,tcn,0.9637582345773966,1.6458401376175738,1.8909777159231305,0.8393067566444502
deepar_2025-02-06_15-17-48,deepar,1.0154731690750234,4.739509776680623,1.9189151122710737,0.7961430129549845
nhits_2025-02-06_15-17-41,nhits,0.6723219167794101,1.986913125921504,1.4138508830761225,0.8546836505098568
lstm_2025-02-06_15-17-37,lstm,0.5690480543955903,2.7224770529440163,1.0724518017037854,0.8239694104036864
tcn_2025-02-06_15-17-16,tcn,0.9725185375889088,1.5885854733498286,1.8791922636157965,0.8385581676574314
tft_2025-02-06_15-17-16,tft,0.2976565538187145,0.6681772289327002,0.7182704622763322,2.42598866353102
transformer_2025-02-06_15-17-11,transformer,0.611024220267251,1.1742606074996818,1.3914307037749605,0.8739267468757337
deepar_2025-02-06_15-17-10,deepar,1.166073454803847,3.947310890868059,1.9590630110759149,0.8880159048282582
lstm_2025-02-06_15-16-59,lstm,0.5206285958872798,2.2674670621632735,1.1527811112047082,0.792037707079402
tcn_2025-02-06_15-16-40,tcn,1.0142183914520757,1.4158172166908087,1.943126608125355,0.8001725594310657
deepar_2025-02-06_15-16-29,deepar,1.3824484861967865,6.836430397323742,1.9945089606935769,0.9644923972256502
transformer_2025-02-06_15-16-27,transformer,0.6068574031255584,1.379414213435729,1.386052658309343,0.8944534808587845
nhits_2025-02-06_15-16-24,nhits,0.7017765270816879,2.73737506917132,1.5352979414295638,0.8630138154968124
lstm_2025-02-06_15-16-21,lstm,0.5735548251284189,2.215548492575617,1.0550278861064195,0.8235962568398785
tft_2025-02-06_15-16-18,tft,0.2927628442522141,1.0256666601870332,0.6160692230725076,2.3686299224376985
tcn_2025-02-06_15-16-05,tcn,,,,0.8039255328762257
deepar_2025-02-06_15-15-52,deepar,1.2671647637867802,4.136901636535198,2.195256095429891,0.818608462086419
transformer_2025-02-06_15-15-44,transformer,0.6038869064377413,1.3712214737626995,1.3677551679627875,0.8723007269737209
lstm_2025-02-06_15-15-43,lstm,0.6471588018694385,3.4682506454717954,1.056530682816132,0.8193472893360783
tcn_2025-02-06_15-15-29,tcn,,,,0.8359182013860902
tft_2025-02-06_15-15-22,tft,0.2989177695216076,1.25774489573121,0.7757965699966116,2.3798104061190126
deepar_2025-02-06_15-15-13,deepar,1.1710096112326396,4.847032192996495,2.3298023802458045,0.8447771072578247
nhits_2025-02-06_15-15-09,nhits,0.6998754129626025,1.825038345851928,1.5020909344320723,0.8438262007082514
lstm_2025-02-06_15-15-05,lstm,0.926908534532485,3.193790590967042,1.407184494249181,0.8199145450540212
transformer_2025-02-06_15-14-59,transformer,0.6063193512315093,1.3579497552577964,1.3809899841848263,0.8487250520121259
tcn_2025-02-06_15-14-54,tcn,,,,0.820042200319831
deepar_2025-02-06_15-14-33,deepar,1.4066731177206115,6.3866188656847305,2.163879811930886,0.9467607709433876
lstm_2025-02-06_15-14-27,lstm,0.4836117710545731,2.9066906235071253,1.045598431944355,0.8261829090621465
tft_2025-02-06_15-14-23,tft,0.2812358612046375,1.1697045393383596,0.6292568037895342,2.410812343916167
tcn_2025-02-06_15-14-19,tcn,1.0154681623906825,1.6783839348598135,1.8996344984577496,0.8362645835942014
transformer_2025-02-06_15-14-15,transformer,0.596519959186029,1.3975718263620065,1.355891370582275,0.8731763281137742
deepar_2025-02-06_15-13-54,deepar,1.4339238274042014,5.74520570893934,2.0422730270257214,0.8374946249072509
nhits_2025-02-06_15-13-54,nhits,0.6828618088330548,1.7839017210260542,1.401303039714592,0.8521539294887381
lstm_2025-02-06_15-13-48,lstm,0.835968403149335,4.155899098545381,1.267071264916601,0.8125541314882847
tcn_2025-02-06_15-13-42,tcn,0.9704536375097332,1.4626279248316456,1.8675086494470152,0.8327915461833977
transformer_2025-02-06_15-13-33,transformer,0.6069919653169781,1.394992875093025,1.38012817385181,0.8817046909304836
tft_2025-02-06_15-13-28,tft,0.3118891045812111,1.5154228033943948,0.7037384581934806,2.4022347932143133
deepar_2025-02-06_15-13-16,deepar,0.8906293168055057,3.8073461012928966,1.8644256188909072,0.8265208410065802
lstm_2025-02-06_15-13-10,lstm,0.6765901703797615,3.421942097820444,1.0849797909407626,0.8173251217302611
tcn_2025-02-06_15-13-07,tcn,,,,0.7995311616231566
transformer_2025-02-06_15-12-47,transformer,0.594746083471026,1.3332654857424169,1.3497926657458854,0.8850003073415946
nhits_2025-02-06_15-12-38,nhits,0.6932253715254204,1.863645866758244,1.4380251148118264,0.8542793662384952
deepar_2025-02-06_15-12-36,deepar,1.229171697340483,5.351730078548764,1.8176898974258855,0.94546391950239
lstm_2025-02-06_15-12-31,lstm,0.4712088817573585,3.2360695561247748,0.9846949071955352,0.8211179927010518
tcn_2025-02-06_15-12-32,tcn,,,,0.8447797587879783
tft_2025-02-06_15-12-30,tft,0.2605147253314676,0.8187053093797735,0.5853608261802173,2.4614161156746737
transformer_2025-02-06_15-12-04,transformer,0.6079214051561694,1.283633689030805,1.3828357465387415,0.8530216948950992
deepar_2025-02-06_15-11-58,deepar,1.1548266005471983,4.341133109992428,1.88561990627622,0.8700183866655126
tcn_2025-02-06_15-11-56,tcn,1.011057694543019,1.1814553572417292,1.945317750846343,0.8298460246466309
lstm_2025-02-06_15-11-53,lstm,0.5126342316260559,2.611010658926016,0.895072199297229,0.8168169580723929
tft_2025-02-06_15-11-34,tft,0.2659291866186667,0.8629090458812203,0.5593358393961954,2.358499307976202
nhits_2025-02-06_15-11-21,nhits,0.7027801986798061,1.98659158809477,1.482856590626925,0.8465481538544682
tcn_2025-02-06_15-11-20,tcn,0.9870159118805492,1.4687697283722687,1.907811470238887,0.8360468315632295
deepar_2025-02-06_15-11-20,deepar,1.480097724931153,6.140795383043646,2.706739788087987,0.7991951573497194
transformer_2025-02-06_15-11-19,transformer,0.6028783002892447,1.4340917638050532,1.3717901089450923,0.8605061501474179
lstm_2025-02-06_15-11-14,lstm,0.6597240311852836,2.4930563502214262,1.0194428813295082,0.7890351514434418
tcn_2025-02-06_15-10-44,tcn,1.0285401863163068,1.0420925540110069,1.9854745881165112,0.8355085997630264
deepar_2025-02-06_15-10-40,deepar,1.2768986072798167,5.249616886529927,2.0952323933155563,0.92645604925616
tft_2025-02-06_15-10-37,tft,0.2786405533171794,1.4712367542482576,0.5804735698571548,2.3679826165670934
lstm_2025-02-06_15-10-36,lstm,0.9403092866314404,4.161405646140757,1.5058525885744805,0.8166749992638903
transformer_2025-02-06_15-10-35,transformer,0.6010057784311333,1.240497157804882,1.3690985947055525,0.9107883266933128
tcn_2025-02-06_15-10-08,tcn,1.0078702961437422,1.47023037384879,1.904526686076346,0.8367588033761515
nhits_2025-02-06_15-10-06,nhits,0.6600990396799882,2.214593172360715,1.3939677741353829,0.852379951235431
deepar_2025-02-06_15-10-01,deepar,1.7894658839101172,6.163816697286676,2.914967414371473,0.8504245454050086
lstm_2025-02-06_15-09-58,lstm,0.5796138618464185,2.6184048459691605,1.018269088992958,0.8213668449512681
transformer_2025-02-06_15-09-51,transformer,0.6103137631034135,1.361532605199094,1.3893318182349053,0.8670034994611807
tft_2025-02-06_15-09-41,tft,0.2780380989711407,1.5954445072556631,0.6216598702424234,2.4963959101158792
tcn_2025-02-06_15-09-32,tcn,,,,0.8042842073513724
deepar_2025-02-06_15-09-23,deepar,1.521432955396058,5.685480093007757,2.072252576412866,0.8282152588105263
lstm_2025-02-06_15-09-19,lstm,0.597678479925047,2.255276538373895,0.9590521291469216,0.7868934518007367
transformer_2025-02-06_15-09-04,transformer,0.6236454122663244,1.3732837786088998,1.42146323653178,0.8958485244256457
tcn_2025-02-06_15-08-56,tcn,0.9859671707213185,1.4279265715175615,1.916530026376059,0.8098575839167818
nhits_2025-02-06_15-08-47,nhits,0.6952627004048088,1.757744806912673,1.3983297658344114,0.8634610675618318
tft_2025-02-06_15-08-46,tft,0.3139197935624462,1.380209446800012,0.6621893351615635,2.420127262954441
deepar_2025-02-06_15-08-44,deepar,1.2945522963233305,4.970869704834869,2.127804313005426,0.9096055896595464
lstm_2025-02-06_15-08-42,lstm,0.631810204825217,3.3792892790637103,0.9406900931462516,0.7850690206508045
tcn_2025-02-06_15-08-20,tcn,,,,0.8265332933372396
transformer_2025-02-06_15-08-20,transformer,0.6181957283380002,1.3323413233679782,1.4069908664630435,0.8475359138625357
deepar_2025-02-06_15-08-05,deepar,1.044788590303584,3.7630257739487063,1.9007909623095829,0.9089346165242402
lstm_2025-02-06_15-08-03,lstm,0.4780218094026152,2.1816694868664097,1.0014788540937958,0.7887318494546292
tft_2025-02-06_15-07-48,tft,0.3550470086685161,0.9885948616436888,0.746810075156702,2.450385854086455
tcn_2025-02-06_15-07-45,tcn,,,,0.8267938883503532
transformer_2025-02-06_15-07-32,transformer,0.6091578021978631,1.3129250342925565,1.3884256277939369,0.8588171804614384
nhits_2025-02-06_15-07-28,nhits,0.6979566330202709,2.304427735310633,1.5164159508768835,0.8505653894847007
deepar_2025-02-06_15-07-27,deepar,1.4839519519889373,6.053220943175952,2.0713769235404293,0.8177427436842027
lstm_2025-02-06_15-07-25,lstm,0.5816472032761707,1.8681396550108809,1.0574454089981065,0.8069389168639927
tcn_2025-02-06_15-07-09,tcn,0.9812425085023152,1.3775648030758867,1.8818354710294325,0.8279270287650777
tft_2025-02-06_15-06-52,tft,0.2903238085313915,1.0940189181356252,0.7127366763829251,2.39570123712768
lstm_2025-02-06_15-06-48,lstm,0.4511848276660937,2.495493563064295,0.7884453199778678,0.8091869687809207
transformer_2025-02-06_15-06-44,transformer,0.60841339364867,1.3316782210343698,1.3825674853552925,0.863149250998064
deepar_2025-02-06_15-06-43,deepar,1.030769797878289,3.857319368052732,1.5356631465205368,0.8606973485282773
tcn_2025-02-06_15-06-34,tcn,,,,0.8312550380521113
lstm_2025-02-06_15-06-10,lstm,0.4590497443576897,1.862373880111254,0.9233294303006871,0.8225648425748129
nhits_2025-02-06_15-06-06,nhits,0.645880749487934,2.0274834574795166,1.3914879220800656,0.8619439514244304
deepar_2025-02-06_15-06-04,deepar,2.3788600592875166,8.476645018735582,3.4479679212238663,0.9310389252003196
transformer_2025-02-06_15-05-57,transformer,0.5971747802873719,1.4087314262184618,1.3628426014446624,0.8863764433928615
tft_2025-02-06_15-05-57,tft,0.2733409217389538,1.0556954953445423,0.6605081571128029,2.392153443335115
tcn_2025-02-06_15-05-57,tcn,0.9712613056329328,1.4667333252295531,1.8758434779108448,0.8087206498512527
lstm_2025-02-06_15-05-31,lstm,0.8705911941720985,2.6970199660200147,1.474913792932255,0.8128241662059903
deepar_2025-02-06_15-05-25,deepar,2.5157998571431763,8.420801528062057,3.065814622808559,0.8606014025333287
tcn_2025-02-06_15-05-21,tcn,,,,0.8281904308463607
transformer_2025-02-06_15-05-10,transformer,0.615396638410601,1.3432402583280765,1.40545237007871,0.9266869043526442
tft_2025-02-06_15-05-02,tft,0.4764863554273626,1.737900355156967,1.1290268151958462,2.418180844505958
lstm_2025-02-06_15-04-52,lstm,0.5043171248585614,3.3790733311674845,1.1589076803232026,0.819068043576101
deepar_2025-02-06_15-04-46,deepar,1.2440117844874328,4.810345345966089,2.0324087567661615,0.8325648763219414
nhits_2025-02-06_15-04-45,nhits,0.6587612720714222,2.187484989547382,1.416041382950958,0.8555790137909257
tcn_2025-02-06_15-04-44,tcn,,,,0.8458220185545247
transformer_2025-02-06_15-04-27,transformer,0.6046222211946869,1.2624053979275325,1.3800380429338823,0.8782251487912424
lstm_2025-02-06_15-04-14,lstm,0.5580609895264325,2.6367990590428816,0.972104086135374,0.7839542137139747
tcn_2025-02-06_15-04-08,tcn,1.0137461569786426,1.1919460791929264,1.9334094071521677,0.8260791356701528
deepar_2025-02-06_15-04-07,deepar,1.8023951722486111,4.604194380011672,2.7397805513310467,0.9388532718200512
tft_2025-02-06_15-04-05,tft,0.2591605074848335,1.0547039993438971,0.5622222826167863,2.409801619780033
transformer_2025-02-06_15-03-41,transformer,0.6169583715388213,1.335915192285498,1.3990829045285953,0.8565372870782453
lstm_2025-02-06_15-03-36,lstm,0.4941542544394668,2.346020990935443,1.337360134505515,0.7826857147333415
tcn_2025-02-06_15-03-32,tcn,1.0029972892456438,1.133397629163718,1.9330628048134977,0.8320736170024671
deepar_2025-02-06_15-03-26,deepar,1.1557500478213074,4.586576767796034,2.0474131627208805,0.88283733948303
nhits_2025-02-06_15-03-26,nhits,0.6594502788304913,1.889395917623844,1.430492260092954,0.8222010884615009
tft_2025-02-06_15-03-10,tft,0.3475495773849578,1.5258121514103302,0.7939339524592776,2.3902056169460346
lstm_2025-02-06_15-02-58,lstm,0.4877166371484459,2.6415652244820076,1.063073145555152,0.8168410264489139
tcn_2025-02-06_15-02-56,tcn,,,,0.8322998855139137
transformer_2025-02-06_15-02-56,transformer,0.5970853948377313,1.3748854624807865,1.3573739837254284,0.8589932492569736
deepar_2025-02-06_15-02-48,deepar,1.2200546510182233,4.99626152938211,1.9551426302551056,0.8257664489986188
tcn_2025-02-06_15-02-20,tcn,,,,0.7973597203964925
lstm_2025-02-06_15-02-19,lstm,1.0244704579221091,3.8175328264707953,1.992107838188551,0.8248852873149584
tft_2025-02-06_15-02-15,tft,0.3024427947327038,1.605911918515529,0.7276174787001874,2.448075629837449
transformer_2025-02-06_15-02-13,transformer,0.6016616400536215,1.3271433417750114,1.3713863209365678,0.8718631368444857
deepar_2025-02-06_15-02-09,deepar,2.453904498051275,7.884484340484153,3.2847881919759425,0.8604866828855194
nhits_2025-02-06_15-02-07,nhits,0.7028133733017922,1.6879377021317978,1.4018201980790108,0.8456186046037832
tcn_2025-02-06_15-01-44,tcn,,,,0.8001206147358241
lstm_2025-02-06_15-01-42,lstm,0.9073767849235836,3.800542101781242,1.360996793146824,0.7810834047320249
deepar_2025-02-06_15-01-31,deepar,1.2969449865842126,4.066993011731004,2.1576122498607013,0.9635919483516678
transformer_2025-02-06_15-01-28,transformer,0.6162537836435913,1.3657865938391234,1.4084506322240515,0.8795932011531137
tft_2025-02-06_15-01-19,tft,0.3227663065782467,1.2045536500534728,0.6371256516774392,2.4662813969680566
tcn_2025-02-06_15-01-09,tcn,,,,0.8340517968854027
lstm_2025-02-06_15-01-03,lstm,1.185803284294146,4.460925862462591,1.4718474480278538,0.8205423681803828
deepar_2025-02-06_15-00-52,deepar,1.0179539813728602,4.122818194629905,1.9022130185146495,0.8278522642848589
nhits_2025-02-06_15-00-49,nhits,0.6856131927759318,2.0256182436206855,1.4683119962424411,0.8639956086092746
transformer_2025-02-06_15-00-43,transformer,0.6133318749545296,1.3800672148704165,1.3881496740242594,0.8694107084513626
tcn_2025-02-06_15-00-33,tcn,1.0164241789399149,1.2324810659056014,1.9585170722712524,0.8306721208707604
lstm_2025-02-06_15-00-25,lstm,0.6822169972938642,2.704657805135509,1.175687399580556,0.7949191714872789
tft_2025-02-06_15-00-24,tft,0.2852768129030928,1.7252548029282189,0.7247973229736789,2.3856761801006545
deepar_2025-02-06_15-00-13,deepar,1.2355001837283657,4.749884732068224,1.8648806251356256,0.8294469243406182
tcn_2025-02-06_14-59-58,tcn,,,,0.8419172009429359
transformer_2025-02-06_14-59-56,transformer,0.5976226188185619,1.3607931521534702,1.3582341499964723,0.8544939867866314
lstm_2025-02-06_14-59-47,lstm,0.4932265121080552,3.136104936493568,0.8065681405900038,0.8167404145516856
deepar_2025-02-06_14-59-33,deepar,1.6257003517699036,7.489725097287655,2.0710327309189944,0.9407292315474404
nhits_2025-02-06_14-59-29,nhits,0.6770605033158519,1.723509241292478,1.387825021963864,0.8548415701864931
tft_2025-02-06_14-59-26,tft,0.2845300446880153,1.2891979502988593,0.6729840866204836,2.4379817480721586
tcn_2025-02-06_14-59-22,tcn,0.984452086252387,1.3337771251461086,1.8975763456451824,0.828746313233967
lstm_2025-02-06_14-59-09,lstm,0.5562740568028932,3.102338447490101,1.413631729495737,0.8165027605622168
transformer_2025-02-06_14-59-07,transformer,0.6174096488015957,1.3249017931313332,1.4096146101991385,0.8596323166147369
deepar_2025-02-06_14-58-54,deepar,1.5603423063794024,6.018027844028902,2.289740542730591,0.8392166563064394
tcn_2025-02-06_14-58-46,tcn,0.986735559711894,1.5051597081346155,1.9358013220866983,0.8218796082946194
lstm_2025-02-06_14-58-31,lstm,0.8468439508236847,3.4291457126579643,1.343054734946088,0.8140168822063204
tft_2025-02-06_14-58-29,tft,0.3538298751579776,2.0738324863905975,0.7666020420572064,2.317269934374658
transformer_2025-02-06_14-58-24,transformer,0.6085049962134024,1.300241429872973,1.389862499955984,0.8630797295542935
deepar_2025-02-06_14-58-16,deepar,1.1680718773954102,3.65755450382752,2.067392917288102,0.8392340551271006
tcn_2025-02-06_14-58-11,tcn,,,,0.8311777975877075
nhits_2025-02-06_14-58-09,nhits,0.7203510029329733,1.794976884421244,1.4680140320442807,0.8477164006046474
lstm_2025-02-06_14-57-54,lstm,0.8050034203850402,3.740957462322505,1.3876630596851576,0.8197861585451666
transformer_2025-02-06_14-57-40,transformer,0.6075412275150152,1.3240472785592794,1.3820344914200533,0.8983195566422189
deepar_2025-02-06_14-57-36,deepar,0.9138159742264348,4.144545006675104,1.4318635065831422,0.972830211919973
tcn_2025-02-06_14-57-36,tcn,0.982750155990372,1.4530132191369638,1.8664035287365404,0.8328033599268903
tft_2025-02-06_14-57-28,tft,0.2815480350840785,1.2892289872728964,0.685962082519548,2.491976317647092
lstm_2025-02-06_14-57-16,lstm,0.4561823947735589,1.9270499631805151,1.0024321618602798,0.8170139025468046
tcn_2025-02-06_14-56-59,tcn,0.9823812349700533,1.566417844175143,1.9102423980676504,0.8517474495827236
deepar_2025-02-06_14-56-58,deepar,1.0046541891908485,3.9301875641636816,1.9532648305146367,0.8249363976309214
transformer_2025-02-06_14-56-55,transformer,0.5921433559129156,1.299540135323651,1.3446370780324644,0.8526307020974739
nhits_2025-02-06_14-56-51,nhits,0.6513028100873003,2.1843192969994356,1.3948747402753905,0.8659006244100421
lstm_2025-02-06_14-56-38,lstm,0.5094289351358299,2.2834783796170193,0.994583844493274,0.7854138636756736
tft_2025-02-06_14-56-30,tft,0.34297981944009,1.8454948650867384,0.8192978155000983,2.359263057275044
tcn_2025-02-06_14-56-23,tcn,0.988665313516297,1.28915389623149,1.9162840991680277,0.8249402746481969
deepar_2025-02-06_14-56-19,deepar,1.5011530670067987,5.854851292652958,2.156568177969914,0.8409420049765988
transformer_2025-02-06_14-56-11,transformer,0.5995545507735225,1.403604205710443,1.3639416835478364,0.8621013599455052
lstm_2025-02-06_14-56-00,lstm,0.4468027482372707,2.537383750524445,1.025978979960735,0.788357826021245
tcn_2025-02-06_14-55-48,tcn,,,,0.8362886498270132
deepar_2025-02-06_14-55-39,deepar,0.8947113036634997,3.8899988340470304,1.4182590039334202,0.9246020327748544
tft_2025-02-06_14-55-34,tft,0.3445681052416823,2.1321529229297305,0.6603341897077886,2.4704695319580607
nhits_2025-02-06_14-55-34,nhits,0.6770476673769084,2.1814225381119527,1.4954912422633908,0.910932940366628
transformer_2025-02-06_14-55-28,transformer,0.6014195113365203,1.326941660907734,1.374091660337685,0.8795126910557222
lstm_2025-02-06_14-55-22,lstm,0.6497894503188095,3.1274597610860813,0.907575213412719,0.7895864191396005
tcn_2025-02-06_14-55-12,tcn,,,,0.7893977960681214
deepar_2025-02-06_14-55-00,deepar,1.1182512132928233,3.907983454158833,1.893737363488437,0.8545396825694063
lstm_2025-02-06_14-54-44,lstm,0.6699946314051151,2.775743384239352,1.1579908689092364,0.8192125591151702
transformer_2025-02-06_14-54-43,transformer,0.609115064702575,1.2821777920729185,1.3855679647206636,0.8843671123180395
tft_2025-02-06_14-54-37,tft,0.6132031323051106,3.3620276226689656,0.6702357178774256,2.386802136231109
tcn_2025-02-06_14-54-37,tcn,0.9560581293067127,1.8100295462796083,1.8804717475108852,0.8349126407309719
deepar_2025-02-06_14-54-21,deepar,1.2739088943759518,3.915720954682639,2.121251458870431,0.8039401963238826
nhits_2025-02-06_14-54-11,nhits,0.6943091752429802,2.5893550665381957,1.469135799172726,0.8431683177762019
lstm_2025-02-06_14-54-06,lstm,0.3909396040525441,1.9416390767057088,0.8781268523926945,0.8139903873891172
tcn_2025-02-06_14-54-01,tcn,0.9841794915903636,1.5189620927824812,1.8877535849076932,0.8321031423099816
transformer_2025-02-06_14-53-58,transformer,0.6161364432345651,1.477041871429179,1.402820296109277,0.8923052062216165
deepar_2025-02-06_14-53-42,deepar,1.4554958421380162,4.0978914936935995,2.0897939049531513,0.931983051197532
tft_2025-02-06_14-53-41,tft,0.6566444147101261,1.593632558094205,1.703625724550886,2.354358634232636
lstm_2025-02-06_14-53-28,lstm,0.4285114796111932,2.196082047532972,0.8410257276546252,0.8182209042255836
tcn_2025-02-06_14-53-25,tcn,0.9816781147702494,1.3322097839671516,1.881998791054231,0.828481248348875
transformer_2025-02-06_14-53-15,transformer,0.6031817493883004,1.2908805204622715,1.3769677556498503,0.8590341688555373
deepar_2025-02-06_14-53-03,deepar,2.0256521510026935,8.731757246942276,2.4432620626115633,0.8768705965574746
lstm_2025-02-06_14-52-50,lstm,0.5356643623669615,2.157524658010229,1.0301759101336263,0.8191038163669426
tcn_2025-02-06_14-52-50,tcn,,,,0.833381575001094
nhits_2025-02-06_14-52-51,nhits,0.6748888022158206,2.0734251612747374,1.459347570286229,0.8875945933125056
tft_2025-02-06_14-52-42,tft,0.2800526830303153,2.290995483610641,0.643361623309661,2.3997796708932313
transformer_2025-02-06_14-52-29,transformer,0.6088917072606471,1.362999034469205,1.3833142353843262,0.8483909418249069
deepar_2025-02-06_14-52-25,deepar,0.9550669866888408,3.6127543335634753,1.5025637492058344,0.8220964440089815
tcn_2025-02-06_14-52-14,tcn,0.9733764373808216,1.3351086818996862,1.9090545105552508,0.8322273876489428
lstm_2025-02-06_14-52-12,lstm,0.5815497834945136,2.554102939512537,1.4541241427618143,0.8181802606891335
deepar_2025-02-06_14-51-46,deepar,1.2077079588273507,4.985264249574204,2.0256872729362803,0.9317711993689884
tft_2025-02-06_14-51-46,tft,0.2951777427396039,0.9694824798292296,0.6596658763686902,2.3988416754280975
transformer_2025-02-06_14-51-43,transformer,0.6058607635453271,1.4483947439884068,1.381100963125527,0.8656594221053832
tcn_2025-02-06_14-51-38,tcn,,,,0.8076322865207939
lstm_2025-02-06_14-51-34,lstm,0.4997479358282616,2.2339632602106394,0.8316476259735703,0.8171821882486191
nhits_2025-02-06_14-51-34,nhits,0.7176489413875556,1.5299975139868338,1.4388838593136786,0.8478631910956119
deepar_2025-02-06_14-51-07,deepar,1.403335543647844,5.048029956747402,2.199535992140404,0.9120381653994856
tcn_2025-02-06_14-51-03,tcn,1.0090352988738915,1.3137861949938396,1.916330397325692,0.8346133801104773
transformer_2025-02-06_14-51-00,transformer,0.6101579169984996,1.278873187634236,1.390327986883942,0.8822196384753718
lstm_2025-02-06_14-50-56,lstm,0.4540502396262142,2.644972710690319,0.9086931919886668,0.8206805345290304
tft_2025-02-06_14-50-48,tft,0.2806546453252493,1.2995627930426372,0.6191159075117721,2.474611527179285
deepar_2025-02-06_14-50-29,deepar,2.327747449359321,6.427795070856145,3.2597615515187788,0.8188484258035107
tcn_2025-02-06_14-50-28,tcn,0.949982118385551,1.6138640205898682,1.8563098701912932,0.8275747889905329
lstm_2025-02-06_14-50-18,lstm,0.3902051386794044,2.3525130779025796,0.9408279023407756,0.8133632454859174
nhits_2025-02-06_14-50-16,nhits,0.6858520655874673,1.7868474602747997,1.42842118668161,0.892777073309016
transformer_2025-02-06_14-50-16,transformer,0.599962976391104,1.3342146182728478,1.362013416597653,0.863228560618275
tcn_2025-02-06_14-49-52,tcn,,,,0.8342437486609687
deepar_2025-02-06_14-49-50,deepar,2.4590795022332617,8.803650678910103,3.133947350397387,0.9339974912078788
tft_2025-02-06_14-49-47,tft,0.3245989457928555,2.028100266088668,0.7064801376183274,2.3330132989093775
lstm_2025-02-06_14-49-40,lstm,0.7837118034881008,2.9533574274651473,1.098331923095203,0.819219340382101
transformer_2025-02-06_14-49-31,transformer,0.613715360918144,1.385838519775603,1.3957195577470434,0.8536301117361811
tcn_2025-02-06_14-49-17,tcn,0.9863759108717062,1.2861282276368766,1.9149234438323384,0.8388997570080372
deepar_2025-02-06_14-49-11,deepar,1.2236896356638731,4.942984580201946,1.9762952895991088,0.8739648798904609
lstm_2025-02-06_14-49-02,lstm,0.771834073686396,4.2752125513059305,1.4657051126279037,0.7928792465849758
nhits_2025-02-06_14-49-00,nhits,0.6619507003498434,2.0827755864511124,1.4336754077156029,0.905883157401896
tft_2025-02-06_14-48-51,tft,0.2914711268393886,1.87558779268689,0.6519908178251712,2.4150092597774533
transformer_2025-02-06_14-48-47,transformer,0.6136115976789878,1.3827363375983233,1.397387429510885,0.8635372807131246
tcn_2025-02-06_14-48-41,tcn,,,,0.830574546133161
deepar_2025-02-06_14-48-33,deepar,1.1296002625688242,5.586805492185944,1.9288301349368957,0.8209559237560653
lstm_2025-02-06_14-48-24,lstm,0.901582818876823,4.297199351283246,1.5274764161709276,0.7850792130355335
tcn_2025-02-06_14-48-06,tcn,,,,0.8065374089343011
transformer_2025-02-06_14-48-03,transformer,0.6110005043912986,1.3090298330563406,1.393541636805653,0.8911062796573962
deepar_2025-02-06_14-47-54,deepar,1.1926910436617697,4.1257654491101245,1.9859383160035395,0.9214515342851124
tft_2025-02-06_14-47-48,tft,0.3037915690881538,1.317038409313566,0.7330195875800058,2.4395560538467693
lstm_2025-02-06_14-47-45,lstm,0.60869006016722,2.5842573269498654,1.063618881669154,0.7868597924690265
nhits_2025-02-06_14-47-41,nhits,0.6358803915814871,2.0365565709577753,1.3724027997136867,0.8130532906145391
tcn_2025-02-06_14-47-30,tcn,0.9571546023350308,1.5087540829517447,1.8807214451118637,0.8001607709357044
transformer_2025-02-06_14-47-20,transformer,0.6078187661771046,1.3781523410126428,1.3856731642214997,0.8572300357739334
deepar_2025-02-06_14-47-16,deepar,0.9237755402289816,3.849945345466933,1.5704339689711544,0.8616622842257591
lstm_2025-02-06_14-47-08,lstm,0.4800213346672413,2.312509546303365,0.8477176661003545,0.8211186991723449
tcn_2025-02-06_14-46-55,tcn,,,,0.8407007042995042
tft_2025-02-06_14-46-52,tft,0.4967044340189042,1.9255746315218685,1.2007855707969686,2.4218717120740267
deepar_2025-02-06_14-46-37,deepar,1.623130530433804,6.6264932429207235,2.2120760526563856,0.8110795734578843
transformer_2025-02-06_14-46-37,transformer,0.5992832357826261,1.334667143463505,1.36491272068287,0.8573662489652634
lstm_2025-02-06_14-46-30,lstm,0.5789384642224393,2.801032703318151,0.9117888130254168,0.8157620361298704
nhits_2025-02-06_14-46-20,nhits,0.6769884691978025,2.0730558157536123,1.393400334836603,0.8420248625471312
tcn_2025-02-06_14-46-19,tcn,0.9592141114971914,1.809250356153521,1.8846901493201351,0.8391243179359704
deepar_2025-02-06_14-45-58,deepar,1.4572937597851954,3.621456428330563,2.4291082815012572,0.9350126528221628
tft_2025-02-06_14-45-57,tft,0.3391401849208894,1.3649362525923947,0.7216747375919359,2.47886669000282
lstm_2025-02-06_14-45-52,lstm,0.879307221115351,3.3263673653878025,1.2245387738017763,0.8178591551949911
transformer_2025-02-06_14-45-51,transformer,0.5986024195733401,1.295739984043941,1.3634193623706106,0.8786405584372371
tcn_2025-02-06_14-45-44,tcn,0.9815396587390522,1.530676799156422,1.8739383508840304,0.8329826835876384
deepar_2025-02-06_14-45-19,deepar,1.568648965638012,6.060587374215985,2.2234508996011444,0.8905714284866819
lstm_2025-02-06_14-45-14,lstm,0.5825320870459322,2.076320306580912,0.9678300299848728,0.8188091363767377
tcn_2025-02-06_14-45-08,tcn,0.9811870017983496,1.5006622115616322,1.8422410328134933,0.8354820470656733
transformer_2025-02-06_14-45-07,transformer,0.6078276179868638,1.3046474788437223,1.3828758313035403,0.8951786121882289
nhits_2025-02-06_14-45-00,nhits,0.652509394309683,2.203394766230329,1.429278441986935,0.8615313383662487
tft_2025-02-06_14-45-00,tft,0.3912693655278285,0.924226087570956,0.8401104716037572,2.397162128297036
deepar_2025-02-06_14-44-41,deepar,2.4180207464630787,9.072034018518105,3.0229624296302973,0.822310253520451
lstm_2025-02-06_14-44-36,lstm,0.8681077232281116,2.5953786321737113,1.3786358189917836,0.8115538036274482
tcn_2025-02-06_14-44-33,tcn,0.9615133330519906,1.6658719049966302,1.8603171753427417,0.806247288851863
transformer_2025-02-06_14-44-22,transformer,0.6120130160134849,1.3827020747377992,1.3930718819628056,0.8898519444019746
tft_2025-02-06_14-44-06,tft,0.3144820059985436,1.768757070493841,0.8506308211225665,2.412778216049723
deepar_2025-02-06_14-44-02,deepar,1.6650197065804777,4.691293357405444,2.854197174999855,0.8964597199902967
lstm_2025-02-06_14-43-58,lstm,0.5212397058163332,2.1734589407709577,0.9670080119904512,0.8269515076695043
tcn_2025-02-06_14-43-57,tcn,,,,0.8414925597703365
nhits_2025-02-06_14-43-41,nhits,0.6530777511271618,2.269995275242054,1.430856802399456,0.8497711287720886
transformer_2025-02-06_14-43-35,transformer,0.6056431279725857,1.3432037583095555,1.378209753534486,0.8523642826263252
deepar_2025-02-06_14-43-23,deepar,1.7069303168341468,6.444190922587805,2.6075795623433735,0.9149324851553612
tcn_2025-02-06_14-43-21,tcn,0.99024251018894,1.1945391179734082,1.907079748130695,0.8343827567727822
lstm_2025-02-06_14-43-20,lstm,0.9512634903079116,3.635453100829834,1.4509293290605465,0.8277613331404183
tft_2025-02-06_14-43-07,tft,0.287209191078975,1.070686921027466,0.6485456612026207,2.353545111339644
transformer_2025-02-06_14-42-51,transformer,0.6050362182501874,1.3668566730180505,1.3801273054237402,0.8455927171708677
tcn_2025-02-06_14-42-46,tcn,,,,0.8408364070498425
deepar_2025-02-06_14-42-45,deepar,0.8550068085624241,3.8684701826659658,1.7310444655249333,0.8389407092386195
lstm_2025-02-06_14-42-43,lstm,0.3937621293746734,1.4515420997303077,0.9232281530943882,0.8254493612919926
nhits_2025-02-06_14-42-24,nhits,0.7032967937511496,2.7162996149783187,1.4950395121555042,0.8557076020466398
deepar_2025-02-06_14-41-41,deepar,1.3498388895539104,6.165234521253365,2.1360804647462333,1.122533189385291
lstm_2025-02-06_14-41-41,lstm,1.484107611121285,5.574189533240969,1.9627346529533192,0.8877951720886675
transformer_2025-02-06_14-41-52,transformer,0.6180563916570768,1.4263977007491204,1.412928515217268,1.2502181993992736
tcn_2025-02-06_14-41-41,tcn,0.9564148127401736,1.9184378213105624,1.8444220985024036,1.7753577226644282
tft_2025-02-06_14-41-46,tft,0.3356651016774226,1.134792875407498,0.822925888349088,2.7107132453461893
